{
  "0": {
    "precision": 0.9836784276142678,
    "recall": 0.9895808226244994,
    "f1-score": 0.9866207975244154,
    "support": 236487
  },
  "1": {
    "precision": 0.889877094972067,
    "recall": 0.8368075985542573,
    "f1-score": 0.862526803699452,
    "support": 23794
  },
  "accuracy": 0.9756148162946969,
  "macro avg": {
    "precision": 0.9367777612931674,
    "recall": 0.9131942105893784,
    "f1-score": 0.9245738006119337,
    "support": 260281
  },
  "weighted avg": {
    "precision": 0.9751034301734691,
    "recall": 0.9756148162946969,
    "f1-score": 0.9752765484663929,
    "support": 260281
  },
  "confusion_matrix": [
    [
      234023,
      2464
    ],
    [
      3883,
      19911
    ]
  ],
  "tp": 19911,
  "tn": 234023,
  "fp": 2464,
  "fn": 3883,
  "fpr": 0.010419177375500556,
  "roc_auc_score": 0.9588633603035527,
  "best_decision_threshold": 0.5454545454545455,
  "average_loss": 0.0169504975276218
}