{
  "0": {
    "precision": 0.9657753511388949,
    "recall": 0.9825930793014613,
    "f1-score": 0.9741116324437046,
    "support": 442123
  },
  "1": {
    "precision": 0.9371893541831596,
    "recall": 0.8817824397585735,
    "f1-score": 0.908642033922446,
    "support": 130226
  },
  "accuracy": 0.9596557345256129,
  "macro avg": {
    "precision": 0.9514823526610272,
    "recall": 0.9321877595300174,
    "f1-score": 0.9413768331830753,
    "support": 572349
  },
  "weighted avg": {
    "precision": 0.9592712076188441,
    "recall": 0.9596557345256129,
    "f1-score": 0.9592153996608581,
    "support": 572349
  },
  "confusion_matrix": [
    [
      434427,
      7696
    ],
    [
      15395,
      114831
    ]
  ],
  "tp": 114831,
  "tn": 434427,
  "fp": 7696,
  "fn": 15395,
  "fpr": 0.017406920698538643,
  "roc_auc_score": 0.9785545441516776
}