{
  "0": {
    "precision": 0.9525770333039005,
    "recall": 0.9931127763088552,
    "f1-score": 0.9724226518725223,
    "support": 442123
  },
  "1": {
    "precision": 0.972669012314652,
    "recall": 0.8321456544776005,
    "f1-score": 0.8969367400822719,
    "support": 130226
  },
  "accuracy": 0.9564880868141641,
  "macro avg": {
    "precision": 0.9626230228092763,
    "recall": 0.9126292153932278,
    "f1-score": 0.9346796959773971,
    "support": 572349
  },
  "weighted avg": {
    "precision": 0.9571485413499601,
    "recall": 0.9564880868141641,
    "f1-score": 0.9552474172712613,
    "support": 572349
  },
  "confusion_matrix": [
    [
      439078,
      3045
    ],
    [
      21859,
      108367
    ]
  ],
  "tp": 108367,
  "tn": 439078,
  "fp": 3045,
  "fn": 21859,
  "fpr": 0.006887223691144772,
  "roc_auc_score": 0.9785545441516776,
  "n_per_s_total": 982.1488216607423,
  "n_per_s_batched": 1631.7639574781722,
  "params_count": 57860290,
  "best_decision_threshold": 0.24242424242424243
}