{
  "0": {
    "precision": 0.6365637326475908,
    "recall": 0.9677152180755023,
    "f1-score": 0.7679617202237369,
    "support": 60369
  },
  "1": {
    "precision": 0.9000871482032091,
    "recall": 0.3448695788812068,
    "f1-score": 0.49867223334611394,
    "support": 50912
  },
  "accuracy": 0.6827580629217925,
  "macro avg": {
    "precision": 0.7683254404254,
    "recall": 0.6562923984783545,
    "f1-score": 0.6333169767849254,
    "support": 111281
  },
  "weighted avg": {
    "precision": 0.7571279271890456,
    "recall": 0.6827580629217925,
    "f1-score": 0.6447594992164352,
    "support": 111281
  },
  "confusion_matrix": [
    [
      58420,
      1949
    ],
    [
      33354,
      17558
    ]
  ],
  "roc_auc_score": 0.8180174628215399
}