{
  "0": {
    "precision": 0.0,
    "recall": 0.0,
    "f1-score": 0.0,
    "support": 60369
  },
  "1": {
    "precision": 0.457508469550058,
    "recall": 1.0,
    "f1-score": 0.627795280930743,
    "support": 50912
  },
  "accuracy": 0.457508469550058,
  "macro avg": {
    "precision": 0.228754234775029,
    "recall": 0.5,
    "f1-score": 0.3138976404653715,
    "support": 111281
  },
  "weighted avg": {
    "precision": 0.2093139997100363,
    "recall": 0.457508469550058,
    "f1-score": 0.2872216581693729,
    "support": 111281
  },
  "confusion_matrix": [
    [
      0,
      60369
    ],
    [
      0,
      50912
    ]
  ],
  "roc_auc_score": 0.8180174628215399,
  "best_threshold": 0.0
}