{
  "0": {
    "precision": 0.9752789148406774,
    "recall": 0.9830906148867314,
    "f1-score": 0.9791691848986664,
    "support": 12360
  },
  "1": {
    "precision": 0.9409771251059023,
    "recall": 0.9153846153846154,
    "f1-score": 0.9280044562038713,
    "support": 3640
  },
  "accuracy": 0.9676875,
  "macro avg": {
    "precision": 0.9581280199732898,
    "recall": 0.9492376151356734,
    "f1-score": 0.9535868205512689,
    "support": 16000
  },
  "weighted avg": {
    "precision": 0.967475257676016,
    "recall": 0.9676875,
    "f1-score": 0.9675292091206006,
    "support": 16000
  },
  "confusion_matrix": [
    [
      12151,
      209
    ],
    [
      308,
      3332
    ]
  ],
  "tp": 3332,
  "tn": 12151,
  "fp": 209,
  "fn": 308,
  "fpr": 0.01690938511326861,
  "roc_auc_score": 0.987035678722572,
  "best_decision_threshold": 0.5656565656565657,
  "average_loss": 0.01374261176539585
}