{
  "0": {
    "precision": 0.8647837699839092,
    "recall": 0.9615265435184327,
    "f1-score": 0.9105928418581438,
    "support": 442123
  },
  "1": {
    "precision": 0.7893915756630265,
    "recall": 0.489579653832568,
    "f1-score": 0.6043451884431637,
    "support": 130226
  },
  "accuracy": 0.8541449360442667,
  "macro avg": {
    "precision": 0.8270876728234678,
    "recall": 0.7255530986755003,
    "f1-score": 0.7574690151506538,
    "support": 572349
  },
  "weighted avg": {
    "precision": 0.8476298588254529,
    "recall": 0.8541449360442667,
    "f1-score": 0.8409126171812086,
    "support": 572349
  },
  "confusion_matrix": [
    [
      425113,
      17010
    ],
    [
      66470,
      63756
    ]
  ],
  "roc_auc_score": 0.8345875053314254,
  "best_threshold": 0.010101010101010102
}