{
  "0": {
    "precision": 0.862491695626801,
    "recall": 0.9660750515128143,
    "f1-score": 0.9113495152260003,
    "support": 442123
  },
  "1": {
    "precision": 0.8055310652421948,
    "recall": 0.47708598897301613,
    "f1-score": 0.5992553796888413,
    "support": 130226
  },
  "accuracy": 0.8548158553609773,
  "macro avg": {
    "precision": 0.8340113804344979,
    "recall": 0.7215805202429152,
    "f1-score": 0.7553024474574208,
    "support": 572349
  },
  "weighted avg": {
    "precision": 0.8495314999202203,
    "recall": 0.8548158553609773,
    "f1-score": 0.8403390462735568,
    "support": 572349
  },
  "confusion_matrix": [
    [
      427124,
      14999
    ],
    [
      68097,
      62129
    ]
  ],
  "roc_auc_score": 0.8345875053314254
}