{
  "0": {
    "precision": 0.9844952706765008,
    "recall": 0.9832422078169202,
    "f1-score": 0.9838683402690654,
    "support": 236487
  },
  "1": {
    "precision": 0.835526042747458,
    "recall": 0.846095654366647,
    "f1-score": 0.8407776316064233,
    "support": 23794
  },
  "accuracy": 0.9707047383404859,
  "macro avg": {
    "precision": 0.9100106567119794,
    "recall": 0.9146689310917836,
    "f1-score": 0.9123229859377444,
    "support": 260281
  },
  "weighted avg": {
    "precision": 0.9708770126809358,
    "recall": 0.9707047383404859,
    "f1-score": 0.9707874764260692,
    "support": 260281
  },
  "confusion_matrix": [
    [
      232524,
      3963
    ],
    [
      3662,
      20132
    ]
  ],
  "tp": 20132,
  "tn": 232524,
  "fp": 3963,
  "fn": 3662,
  "fpr": 0.01675779218307983,
  "roc_auc_score": 0.9570084158330111,
  "best_decision_threshold": 0.6060606060606061,
  "average_loss": 0.016020297928118692
}