{
  "0": {
    "precision": 0.9751858099793719,
    "recall": 0.9858591387464575,
    "f1-score": 0.980493428637307,
    "support": 442123
  },
  "1": {
    "precision": 0.9501383716015217,
    "recall": 0.9148326755025878,
    "f1-score": 0.9321513381557276,
    "support": 130226
  },
  "accuracy": 0.9696985580476248,
  "macro avg": {
    "precision": 0.9626620907904468,
    "recall": 0.9503459071245226,
    "f1-score": 0.9563223833965173,
    "support": 572349
  },
  "weighted avg": {
    "precision": 0.9694867911810618,
    "recall": 0.9696985580476248,
    "f1-score": 0.969494200762262,
    "support": 572349
  },
  "confusion_matrix": [
    [
      435871,
      6252
    ],
    [
      11091,
      119135
    ]
  ],
  "tp": 119135,
  "tn": 435871,
  "fp": 6252,
  "fn": 11091,
  "fpr": 0.014140861253542567,
  "roc_auc_score": 0.9845302287775408,
  "best_decision_threshold": 0.5353535353535354,
  "average_loss": 0.029610352341657546
}