{
  "0": {
    "precision": 0.9793061472915399,
    "recall": 0.996147760886015,
    "f1-score": 0.9876551630064111,
    "support": 14537
  },
  "1": {
    "precision": 0.953833470733718,
    "recall": 0.7908407382091592,
    "f1-score": 0.8647234678624813,
    "support": 1463
  },
  "accuracy": 0.977375,
  "macro avg": {
    "precision": 0.9665698090126289,
    "recall": 0.893494249547587,
    "f1-score": 0.9261893154344463,
    "support": 16000
  },
  "weighted avg": {
    "precision": 0.976976989428784,
    "recall": 0.977375,
    "f1-score": 0.976414596131688,
    "support": 16000
  },
  "confusion_matrix": [
    [
      14481,
      56
    ],
    [
      306,
      1157
    ]
  ],
  "tp": 1157,
  "tn": 14481,
  "fp": 56,
  "fn": 306,
  "fpr": 0.0038522391139850037,
  "roc_auc_score": 0.9561694483038568,
  "best_decision_threshold": 0.4747474747474748,
  "average_loss": 0.034215869740583
}