{
  "0": {
    "precision": 0.9811552385764334,
    "recall": 0.9935852710719828,
    "f1-score": 0.9873311343151879,
    "support": 236487
  },
  "1": {
    "precision": 0.9270602942590633,
    "recall": 0.8103303353786669,
    "f1-score": 0.8647739504843918,
    "support": 23794
  },
  "accuracy": 0.9768327307794269,
  "macro avg": {
    "precision": 0.9541077664177484,
    "recall": 0.9019578032253248,
    "f1-score": 0.9260525423997898,
    "support": 260281
  },
  "weighted avg": {
    "precision": 0.9762100635345076,
    "recall": 0.9768327307794269,
    "f1-score": 0.976127375177679,
    "support": 260281
  },
  "confusion_matrix": [
    [
      234970,
      1517
    ],
    [
      4513,
      19281
    ]
  ],
  "tp": 19281,
  "tn": 234970,
  "fp": 1517,
  "fn": 4513,
  "fpr": 0.0064147289280171845,
  "roc_auc_score": 0.959927979043935
}