{
  "0": {
    "precision": 0.9691159129033865,
    "recall": 0.9869379712204054,
    "f1-score": 0.9779457516189247,
    "support": 236487
  },
  "1": {
    "precision": 0.8411416816662382,
    "recall": 0.6874001849205682,
    "f1-score": 0.7565392354124749,
    "support": 23794
  },
  "accuracy": 0.9595552499029895,
  "macro avg": {
    "precision": 0.9051287972848123,
    "recall": 0.8371690780704868,
    "f1-score": 0.8672424935156998,
    "support": 260281
  },
  "weighted avg": {
    "precision": 0.9574169457945437,
    "recall": 0.9595552499029895,
    "f1-score": 0.9577055241470145,
    "support": 260281
  },
  "confusion_matrix": [
    [
      233398,
      3089
    ],
    [
      7438,
      16356
    ]
  ],
  "tp": 16356,
  "tn": 233398,
  "fp": 3089,
  "fn": 7438,
  "fpr": 0.01306202877959465,
  "roc_auc_score": 0.9442803010319327,
  "best_decision_threshold": 0.4040404040404041,
  "average_loss": 0.037249301989769314
}