{
  "0": {
    "precision": 0.969355146957515,
    "recall": 0.9866123228151442,
    "f1-score": 0.9779076062893096,
    "support": 442123
  },
  "1": {
    "precision": 0.9516243717052838,
    "recall": 0.8941071675395083,
    "f1-score": 0.921969585994196,
    "support": 130226
  },
  "accuracy": 0.965564716632684,
  "macro avg": {
    "precision": 0.9604897593313995,
    "recall": 0.9403597451773262,
    "f1-score": 0.9499385961417528,
    "support": 572349
  },
  "weighted avg": {
    "precision": 0.9653208812594932,
    "recall": 0.965564716632684,
    "f1-score": 0.9651800840416049,
    "support": 572349
  },
  "confusion_matrix": [
    [
      436204,
      5919
    ],
    [
      13790,
      116436
    ]
  ],
  "tp": 116436,
  "tn": 436204,
  "fp": 5919,
  "fn": 13790,
  "fpr": 0.013387677184855798,
  "roc_auc_score": 0.9811929972483454,
  "best_decision_threshold": 0.5151515151515152,
  "average_loss": 0.03167996873730487
}