{
  "0": {
    "precision": 0.9811596502509541,
    "recall": 0.993602185320969,
    "f1-score": 0.9873417189630503,
    "support": 236487
  },
  "1": {
    "precision": 0.9272421255109401,
    "recall": 0.8103723627805329,
    "f1-score": 0.864876987597838,
    "support": 23794
  },
  "accuracy": 0.9768519407870724,
  "macro avg": {
    "precision": 0.9542008878809471,
    "recall": 0.901987274050751,
    "f1-score": 0.9261093532804442,
    "support": 260281
  },
  "weighted avg": {
    "precision": 0.9762306943007929,
    "recall": 0.9768519407870724,
    "f1-score": 0.9761464115141628,
    "support": 260281
  },
  "confusion_matrix": [
    [
      234974,
      1513
    ],
    [
      4512,
      19282
    ]
  ],
  "tp": 19282,
  "tn": 234974,
  "fp": 1513,
  "fn": 4512,
  "fpr": 0.006397814679030982,
  "roc_auc_score": 0.9599290590209366,
  "best_decision_threshold": 0.5454545454545455,
  "average_loss": 0.0324450724673479
}