{
  "0": {
    "precision": 0.9772197879537766,
    "recall": 0.9100627095781163,
    "f1-score": 0.9424463897075245,
    "support": 236487
  },
  "1": {
    "precision": 0.4688857813514458,
    "recall": 0.7891485248381945,
    "f1-score": 0.5882518796992481,
    "support": 23794
  },
  "accuracy": 0.8990091478056408,
  "macro avg": {
    "precision": 0.7230527846526112,
    "recall": 0.8496056172081554,
    "f1-score": 0.7653491347033863,
    "support": 260281
  },
  "weighted avg": {
    "precision": 0.9307496293440591,
    "recall": 0.8990091478056408,
    "f1-score": 0.9100671373950739,
    "support": 260281
  },
  "confusion_matrix": [
    [
      215218,
      21269
    ],
    [
      5017,
      18777
    ]
  ],
  "roc_auc_score": 0.9225928985562595
}