{
  "0": {
    "precision": 0.9674687707627486,
    "recall": 0.9913356759568179,
    "f1-score": 0.979256821105746,
    "support": 236487
  },
  "1": {
    "precision": 0.885913140311804,
    "recall": 0.6686979910901908,
    "f1-score": 0.7621305743162332,
    "support": 23794
  },
  "accuracy": 0.9618412408128139,
  "macro avg": {
    "precision": 0.9266909555372763,
    "recall": 0.8300168335235043,
    "f1-score": 0.8706936977109896,
    "support": 260281
  },
  "weighted avg": {
    "precision": 0.9600132335896557,
    "recall": 0.9618412408128139,
    "f1-score": 0.9594078812441745,
    "support": 260281
  },
  "confusion_matrix": [
    [
      234438,
      2049
    ],
    [
      7883,
      15911
    ]
  ],
  "roc_auc_score": 0.9225928985562595,
  "best_threshold": 0.797979797979798
}