{
  "0": {
    "precision": 0.9829873198993724,
    "recall": 0.9814535259866293,
    "f1-score": 0.9822198241660584,
    "support": 236487
  },
  "1": {
    "precision": 0.818482804287547,
    "recall": 0.8311759267042111,
    "f1-score": 0.8247805325604186,
    "support": 23794
  },
  "accuracy": 0.9677156611508332,
  "macro avg": {
    "precision": 0.9007350620934598,
    "recall": 0.9063147263454202,
    "f1-score": 0.9035001783632385,
    "support": 260281
  },
  "weighted avg": {
    "precision": 0.9679488789664277,
    "recall": 0.9677156611508332,
    "f1-score": 0.9678272618796657,
    "support": 260281
  },
  "confusion_matrix": [
    [
      232101,
      4386
    ],
    [
      4017,
      19777
    ]
  ],
  "tp": 19777,
  "tn": 232101,
  "fp": 4386,
  "fn": 4017,
  "fpr": 0.018546474013370715,
  "roc_auc_score": 0.9631678466926878,
  "best_decision_threshold": 0.595959595959596,
  "average_loss": 0.01773443278950326
}