{
  "0": {
    "precision": 0.9816027792794492,
    "recall": 0.9904688206962751,
    "f1-score": 0.9860158700090504,
    "support": 236487
  },
  "1": {
    "precision": 0.8959276018099548,
    "recall": 0.815499705808187,
    "f1-score": 0.8538238141335915,
    "support": 23794
  },
  "accuracy": 0.9744737418405492,
  "macro avg": {
    "precision": 0.938765190544702,
    "recall": 0.902984263252231,
    "f1-score": 0.919919842071321,
    "support": 260281
  },
  "weighted avg": {
    "precision": 0.973770647188712,
    "recall": 0.9744737418405492,
    "f1-score": 0.9739313237782434,
    "support": 260281
  },
  "confusion_matrix": [
    [
      234233,
      2254
    ],
    [
      4390,
      19404
    ]
  ],
  "tp": 19404,
  "tn": 234233,
  "fp": 2254,
  "fn": 4390,
  "fpr": 0.00953117930372494,
  "roc_auc_score": 0.9576522567313337,
  "best_decision_threshold": 0.5252525252525253,
  "average_loss": 0.016596809288404315
}