{
  "0": {
    "precision": 0.983675149187187,
    "recall": 0.9865171631010525,
    "f1-score": 0.9850941063332874,
    "support": 14537
  },
  "1": {
    "precision": 0.8620689655172413,
    "recall": 0.8373205741626795,
    "f1-score": 0.8495145631067961,
    "support": 1463
  },
  "accuracy": 0.972875,
  "macro avg": {
    "precision": 0.9228720573522142,
    "recall": 0.911918868631866,
    "f1-score": 0.9173043347200418,
    "support": 16000
  },
  "weighted avg": {
    "precision": 0.9725557837678663,
    "recall": 0.972875,
    "f1-score": 0.9726970518495152,
    "support": 16000
  },
  "confusion_matrix": [
    [
      14341,
      196
    ],
    [
      238,
      1225
    ]
  ],
  "tp": 1225,
  "tn": 14341,
  "fp": 196,
  "fn": 238,
  "fpr": 0.013482836898947513,
  "roc_auc_score": 0.955385980695264,
  "best_decision_threshold": 0.5757575757575758,
  "average_loss": 0.017729641658370383
}