{
  "0": {
    "precision": 0.9743076676804866,
    "recall": 0.9848705501618124,
    "f1-score": 0.9795606341031625,
    "support": 12360
  },
  "1": {
    "precision": 0.9466628636622932,
    "recall": 0.9118131868131868,
    "f1-score": 0.9289112790372237,
    "support": 3640
  },
  "accuracy": 0.96825,
  "macro avg": {
    "precision": 0.9604852656713899,
    "recall": 0.9483418684874996,
    "f1-score": 0.9542359565701931,
    "support": 16000
  },
  "weighted avg": {
    "precision": 0.9680184747663476,
    "recall": 0.96825,
    "f1-score": 0.9680379058256614,
    "support": 16000
  },
  "confusion_matrix": [
    [
      12173,
      187
    ],
    [
      321,
      3319
    ]
  ],
  "tp": 3319,
  "tn": 12173,
  "fp": 187,
  "fn": 321,
  "fpr": 0.015129449838187703,
  "roc_auc_score": 0.9849719717984281,
  "best_decision_threshold": 0.5454545454545455,
  "average_loss": 0.029459896948188544
}