{
  "0": {
    "precision": 0.9832214765100671,
    "recall": 0.9876178028479053,
    "f1-score": 0.9854147362641134,
    "support": 14537
  },
  "1": {
    "precision": 0.871244635193133,
    "recall": 0.8325358851674641,
    "f1-score": 0.8514505417686123,
    "support": 1463
  },
  "accuracy": 0.9734375,
  "macro avg": {
    "precision": 0.9272330558516,
    "recall": 0.9100768440076847,
    "f1-score": 0.9184326390163629,
    "support": 16000
  },
  "weighted avg": {
    "precision": 0.9729825940821499,
    "recall": 0.9734375,
    "f1-score": 0.973165385229931,
    "support": 16000
  },
  "confusion_matrix": [
    [
      14357,
      180
    ],
    [
      245,
      1218
    ]
  ],
  "tp": 1218,
  "tn": 14357,
  "fp": 180,
  "fn": 245,
  "fpr": 0.012382197152094656,
  "roc_auc_score": 0.9558371122763978,
  "best_decision_threshold": 0.5555555555555556,
  "average_loss": 0.01799251241562888
}