{
  "0": {
    "precision": 0.9800892516131626,
    "recall": 0.9907441274485898,
    "f1-score": 0.9853878879131761,
    "support": 295272
  },
  "1": {
    "precision": 0.28920676202860857,
    "recall": 0.15761871013465628,
    "f1-score": 0.20403669724770643,
    "support": 7055
  },
  "accuracy": 0.9713025961955102,
  "macro avg": {
    "precision": 0.6346480068208856,
    "recall": 0.574181418791623,
    "f1-score": 0.5947122925804412,
    "support": 302327
  },
  "weighted avg": {
    "precision": 0.9639670529209551,
    "recall": 0.9713025961955102,
    "f1-score": 0.9671545423960873,
    "support": 302327
  },
  "confusion_matrix": [
    [
      292539,
      2733
    ],
    [
      5943,
      1112
    ]
  ],
  "roc_auc_score": 0.7386629256290095,
  "best_threshold": 0.6565656565656566
}