{
  "0": {
    "precision": 0.9838991822038222,
    "recall": 0.9143366116665312,
    "f1-score": 0.9478433052233933,
    "support": 295272
  },
  "1": {
    "precision": 0.0944112276681823,
    "recall": 0.37377746279234586,
    "f1-score": 0.1507460126907906,
    "support": 7055
  },
  "accuracy": 0.9017223073030196,
  "macro avg": {
    "precision": 0.5391552049360022,
    "recall": 0.6440570372294385,
    "f1-score": 0.549294658957092,
    "support": 302327
  },
  "weighted avg": {
    "precision": 0.9631423939604666,
    "recall": 0.9017223073030196,
    "f1-score": 0.9292425140310172,
    "support": 302327
  },
  "confusion_matrix": [
    [
      269978,
      25294
    ],
    [
      4418,
      2637
    ]
  ],
  "roc_auc_score": 0.7386629256290095
}