{
  "0": {
    "precision": 0.9768456957203574,
    "recall": 0.98199369858614,
    "f1-score": 0.9794129324502355,
    "support": 442123
  },
  "1": {
    "precision": 0.9377541127165823,
    "recall": 0.9209758419977577,
    "f1-score": 0.9292892508193801,
    "support": 130226
  },
  "accuracy": 0.9681103662275989,
  "macro avg": {
    "precision": 0.9572999042184698,
    "recall": 0.9514847702919489,
    "f1-score": 0.9543510916348078,
    "support": 572349
  },
  "weighted avg": {
    "precision": 0.9679512266320047,
    "recall": 0.9681103662275989,
    "f1-score": 0.9680083409089559,
    "support": 572349
  },
  "confusion_matrix": [
    [
      434162,
      7961
    ],
    [
      10291,
      119935
    ]
  ],
  "tp": 119935,
  "tn": 434162,
  "fp": 7961,
  "fn": 10291,
  "fpr": 0.018006301413859945,
  "roc_auc_score": 0.9875341839231357,
  "best_decision_threshold": 0.5656565656565657,
  "average_loss": 0.013387495517419412
}