{
  "0": {
    "precision": 0.9759289668972819,
    "recall": 0.9839660004116502,
    "f1-score": 0.9799310047337105,
    "support": 442123
  },
  "1": {
    "precision": 0.9439981040407631,
    "recall": 0.9176047793835332,
    "f1-score": 0.9306143428435698,
    "support": 130226
  },
  "accuracy": 0.968866897644619,
  "macro avg": {
    "precision": 0.9599635354690226,
    "recall": 0.9507853898975918,
    "f1-score": 0.9552726737886401,
    "support": 572349
  },
  "weighted avg": {
    "precision": 0.9686637693581003,
    "recall": 0.968866897644619,
    "f1-score": 0.9687100335931906,
    "support": 572349
  },
  "confusion_matrix": [
    [
      435034,
      7089
    ],
    [
      10730,
      119496
    ]
  ],
  "tp": 119496,
  "tn": 435034,
  "fp": 7089,
  "fn": 10730,
  "fpr": 0.016033999588349848,
  "roc_auc_score": 0.985280284645551,
  "best_decision_threshold": 0.5555555555555556,
  "average_loss": 0.027946942602856958
}