{
  "0": {
    "precision": 0.9761292396720784,
    "recall": 0.9826051779935275,
    "f1-score": 0.9793565035077817,
    "support": 12360
  },
  "1": {
    "precision": 0.9395727937043282,
    "recall": 0.9184065934065934,
    "f1-score": 0.928869130313976,
    "support": 3640
  },
  "accuracy": 0.968,
  "macro avg": {
    "precision": 0.9578510166882033,
    "recall": 0.9505058857000604,
    "f1-score": 0.9541128169108788,
    "support": 16000
  },
  "weighted avg": {
    "precision": 0.9678126482144153,
    "recall": 0.968,
    "f1-score": 0.9678706261061909,
    "support": 16000
  },
  "confusion_matrix": [
    [
      12145,
      215
    ],
    [
      297,
      3343
    ]
  ],
  "tp": 3343,
  "tn": 12145,
  "fp": 215,
  "fn": 297,
  "fpr": 0.017394822006472493,
  "roc_auc_score": 0.9872291422170063,
  "best_decision_threshold": 0.5555555555555556,
  "average_loss": 0.013497985310386866
}