{
  "0": {
    "precision": 0.9801328993761866,
    "recall": 0.9943592212973791,
    "f1-score": 0.9871948096295032,
    "support": 14537
  },
  "1": {
    "precision": 0.9345047923322684,
    "recall": 0.7997265892002734,
    "f1-score": 0.8618784530386739,
    "support": 1463
  },
  "accuracy": 0.9765625,
  "macro avg": {
    "precision": 0.9573188458542274,
    "recall": 0.8970429052488262,
    "f1-score": 0.9245366313340886,
    "support": 16000
  },
  "weighted avg": {
    "precision": 0.9759607793383585,
    "recall": 0.9765625,
    "f1-score": 0.9757361952737293,
    "support": 16000
  },
  "confusion_matrix": [
    [
      14455,
      82
    ],
    [
      293,
      1170
    ]
  ],
  "tp": 1170,
  "tn": 14455,
  "fp": 82,
  "fn": 293,
  "fpr": 0.005640778702620898,
  "roc_auc_score": 0.9562609488569742,
  "best_decision_threshold": 0.5050505050505051,
  "average_loss": 0.03430297611095011
}