{
  "0": {
    "precision": 0.9968918941260105,
    "recall": 0.998840464476801,
    "f1-score": 0.9978652280399815,
    "support": 60369
  },
  "1": {
    "precision": 0.9986218844745443,
    "recall": 0.9963073538654934,
    "f1-score": 0.9974632765028613,
    "support": 50912
  },
  "accuracy": 0.9976815449178207,
  "macro avg": {
    "precision": 0.9977568893002774,
    "recall": 0.9975739091711472,
    "f1-score": 0.9976642522714214,
    "support": 111281
  },
  "weighted avg": {
    "precision": 0.9976833793627046,
    "recall": 0.9976815449178207,
    "f1-score": 0.9976813318074004,
    "support": 111281
  },
  "confusion_matrix": [
    [
      60299,
      70
    ],
    [
      188,
      50724
    ]
  ],
  "tp": 50724,
  "tn": 60299,
  "fp": 70,
  "fn": 188,
  "fpr": 0.0011595355231989928,
  "roc_auc_score": 0.9998566028749297
}