{
  "0": {
    "precision": 0.9961856640412147,
    "recall": 0.9993539730656463,
    "f1-score": 0.9977673033986604,
    "support": 60369
  },
  "1": {
    "precision": 0.999231072555205,
    "recall": 0.9954627592708988,
    "f1-score": 0.9973433564231737,
    "support": 50912
  },
  "accuracy": 0.9975737097977193,
  "macro avg": {
    "precision": 0.9977083682982099,
    "recall": 0.9974083661682726,
    "f1-score": 0.997555329910917,
    "support": 111281
  },
  "weighted avg": {
    "precision": 0.9975789642296051,
    "recall": 0.9975737097977193,
    "f1-score": 0.9975733440667353,
    "support": 111281
  },
  "confusion_matrix": [
    [
      60330,
      39
    ],
    [
      231,
      50681
    ]
  ],
  "tp": 50681,
  "tn": 60330,
  "fp": 39,
  "fn": 231,
  "fpr": 0.0006460269343537246,
  "roc_auc_score": 0.9998566028749297,
  "best_decision_threshold": 0.42424242424242425,
  "average_loss": 0.0028602879766775253
}