{
  "0": {
    "precision": 0.9768432894588818,
    "recall": 0.9819846513300597,
    "f1-score": 0.9794072230938682,
    "support": 442123
  },
  "1": {
    "precision": 0.937724298078953,
    "recall": 0.9209681630396388,
    "f1-score": 0.9292707021791768,
    "support": 130226
  },
  "accuracy": 0.9681016302989959,
  "macro avg": {
    "precision": 0.9572837937689174,
    "recall": 0.9514764071848493,
    "f1-score": 0.9543389626365225,
    "support": 572349
  },
  "weighted avg": {
    "precision": 0.9679425841699014,
    "recall": 0.9681016302989959,
    "f1-score": 0.9679997102430785,
    "support": 572349
  },
  "confusion_matrix": [
    [
      434158,
      7965
    ],
    [
      10292,
      119934
    ]
  ],
  "tp": 119934,
  "tn": 434158,
  "fp": 7965,
  "fn": 10292,
  "fpr": 0.018015348669940267,
  "roc_auc_score": 0.9875328170493811,
  "best_decision_threshold": 0.5454545454545455,
  "average_loss": 0.013388043501994209
}