{
  "0": {
    "precision": 0.9730498884217741,
    "recall": 0.9845995762980629,
    "f1-score": 0.9787906620903315,
    "support": 236487
  },
  "1": {
    "precision": 0.8264640015247534,
    "recall": 0.7289652853660586,
    "f1-score": 0.7746588955137222,
    "support": 23794
  },
  "accuracy": 0.9612303625696843,
  "macro avg": {
    "precision": 0.8997569449732638,
    "recall": 0.8567824308320608,
    "f1-score": 0.8767247788020269,
    "support": 260281
  },
  "weighted avg": {
    "precision": 0.9596495073227784,
    "recall": 0.9612303625696843,
    "f1-score": 0.9601296332256667,
    "support": 260281
  },
  "confusion_matrix": [
    [
      232845,
      3642
    ],
    [
      6449,
      17345
    ]
  ],
  "tp": 17345,
  "tn": 232845,
  "fp": 3642,
  "fn": 6449,
  "fpr": 0.015400423701937104,
  "roc_auc_score": 0.9383333715972545,
  "best_decision_threshold": 0.4646464646464647,
  "average_loss": 0.021572150431081516
}