{
  "0": {
    "precision": 0.9815406921926138,
    "recall": 0.9904476778850423,
    "f1-score": 0.985974069708705,
    "support": 236487
  },
  "1": {
    "precision": 0.8956485587583148,
    "recall": 0.8148692947801967,
    "f1-score": 0.8533515250209057,
    "support": 23794
  },
  "accuracy": 0.974396901809967,
  "macro avg": {
    "precision": 0.9385946254754642,
    "recall": 0.9026584863326195,
    "f1-score": 0.9196627973648054,
    "support": 260281
  },
  "weighted avg": {
    "precision": 0.9736887267286125,
    "recall": 0.974396901809967,
    "f1-score": 0.9738501696610585,
    "support": 260281
  },
  "confusion_matrix": [
    [
      234228,
      2259
    ],
    [
      4405,
      19389
    ]
  ],
  "tp": 19389,
  "tn": 234228,
  "fp": 2259,
  "fn": 4405,
  "fpr": 0.009552322114957693,
  "roc_auc_score": 0.957664460631394,
  "best_decision_threshold": 0.5252525252525253,
  "average_loss": 0.016593036437577164
}