{
  "0": {
    "precision": 0.9524363969745588,
    "recall": 0.9398922924163637,
    "f1-score": 0.94612276773263,
    "support": 442123
  },
  "1": {
    "precision": 0.8046659659387426,
    "recall": 0.8406462611152918,
    "f1-score": 0.8222626983381843,
    "support": 130226
  },
  "accuracy": 0.9173109414011381,
  "macro avg": {
    "precision": 0.8785511814566507,
    "recall": 0.8902692767658278,
    "f1-score": 0.8841927330354071,
    "support": 572349
  },
  "weighted avg": {
    "precision": 0.9188143374408299,
    "recall": 0.9173109414011381,
    "f1-score": 0.917941009055737,
    "support": 572349
  },
  "confusion_matrix": [
    [
      415548,
      26575
    ],
    [
      20752,
      109474
    ]
  ],
  "roc_auc_score": 0.9488271755350995
}