{
  "0": {
    "precision": 0.940684454018387,
    "recall": 0.9699269207890112,
    "f1-score": 0.9550819051437098,
    "support": 442123
  },
  "1": {
    "precision": 0.8858536082828248,
    "recall": 0.7923609724632562,
    "f1-score": 0.8365030724581286,
    "support": 130226
  },
  "accuracy": 0.9295255167738565,
  "macro avg": {
    "precision": 0.9132690311506059,
    "recall": 0.8811439466261337,
    "f1-score": 0.8957924888009192,
    "support": 572349
  },
  "weighted avg": {
    "precision": 0.9282088460995135,
    "recall": 0.9295255167738565,
    "f1-score": 0.9281017810143544,
    "support": 572349
  },
  "confusion_matrix": [
    [
      428827,
      13296
    ],
    [
      27040,
      103186
    ]
  ],
  "roc_auc_score": 0.9488271755350995,
  "best_threshold": 0.686868686868687
}