{
  "0": {
    "precision": 0.9744570105952963,
    "recall": 0.9874740739567949,
    "f1-score": 0.9809223593273959,
    "support": 442123
  },
  "1": {
    "precision": 0.9554536679536679,
    "recall": 0.9121220032865941,
    "f1-score": 0.933285142960408,
    "support": 130226
  },
  "accuracy": 0.9703292920927615,
  "macro avg": {
    "precision": 0.9649553392744821,
    "recall": 0.9497980386216944,
    "f1-score": 0.957103751143902,
    "support": 572349
  },
  "weighted avg": {
    "precision": 0.970133198901996,
    "recall": 0.9703292920927615,
    "f1-score": 0.9700835107601626,
    "support": 572349
  },
  "confusion_matrix": [
    [
      436585,
      5538
    ],
    [
      11444,
      118782
    ]
  ],
  "tp": 118782,
  "tn": 436585,
  "fp": 5538,
  "fn": 11444,
  "fpr": 0.012525926043205172,
  "roc_auc_score": 0.9852910331079228,
  "best_decision_threshold": 0.5252525252525253,
  "average_loss": 0.02824101821102505
}