{
  "0": {
    "precision": 0.993786960101804,
    "recall": 0.13488580021133056,
    "f1-score": 0.2375316461358167,
    "support": 295272
  },
  "1": {
    "precision": 0.025952335557673976,
    "recall": 0.9647058823529412,
    "f1-score": 0.050544921186015855,
    "support": 7055
  },
  "accuracy": 0.15425019928752642,
  "macro avg": {
    "precision": 0.509869647829739,
    "recall": 0.5497958412821359,
    "f1-score": 0.14403828366091628,
    "support": 302327
  },
  "weighted avg": {
    "precision": 0.9712019006259421,
    "recall": 0.15425019928752642,
    "f1-score": 0.23316818754786117,
    "support": 302327
  },
  "confusion_matrix": [
    [
      39828,
      255444
    ],
    [
      249,
      6806
    ]
  ],
  "roc_auc_score": 0.6762528908467756
}