{
  "0": {
    "precision": 0.979768981128511,
    "recall": 0.9835981738871278,
    "f1-score": 0.9816798434336435,
    "support": 295272
  },
  "1": {
    "precision": 0.1792916454838163,
    "recall": 0.14996456413890857,
    "f1-score": 0.1633220129669651,
    "support": 7055
  },
  "accuracy": 0.964144783628323,
  "macro avg": {
    "precision": 0.5795303133061637,
    "recall": 0.5667813690130181,
    "f1-score": 0.5725009282003043,
    "support": 302327
  },
  "weighted avg": {
    "precision": 0.9610893144001891,
    "recall": 0.964144783628323,
    "f1-score": 0.9625829235623039,
    "support": 302327
  },
  "confusion_matrix": [
    [
      290429,
      4843
    ],
    [
      5997,
      1058
    ]
  ],
  "roc_auc_score": 0.6762528908467756,
  "best_threshold": 1.0
}