{
  "0": {
    "precision": 0.9580898412136237,
    "recall": 0.9513092150570721,
    "f1-score": 0.9546874885119586,
    "support": 68247
  },
  "1": {
    "precision": 0.9671251257967125,
    "recall": 0.6723414179104478,
    "f1-score": 0.7932315311597193,
    "support": 4288
  },
  "2": {
    "precision": 0.7298323887616062,
    "recall": 0.8181265206812652,
    "f1-score": 0.7714613472691351,
    "support": 14796
  },
  "accuracy": 0.9150473485932831,
  "macro avg": {
    "precision": 0.8850157852573141,
    "recall": 0.8139257178829283,
    "f1-score": 0.8397934556469377,
    "support": 87331
  },
  "weighted avg": {
    "precision": 0.919861102665024,
    "recall": 0.9150473485932831,
    "f1-score": 0.915716938180974,
    "support": 87331
  },
  "confusion_matrix": [
    [
      64924,
      15,
      3308
    ],
    [
      232,
      2883,
      1173
    ],
    [
      2608,
      83,
      12105
    ]
  ],
  "best_threshold": null
}