{
  "0": {
    "precision": 0.7167801097481655,
    "recall": 0.9594128971343788,
    "f1-score": 0.820535676832082,
    "support": 81553
  },
  "1": {
    "precision": 0.9348925037864632,
    "recall": 0.6058894767034227,
    "f1-score": 0.7352649979889235,
    "support": 78445
  },
  "accuracy": 0.7860848260603257,
  "macro avg": {
    "precision": 0.8258363067673143,
    "recall": 0.7826511869189008,
    "f1-score": 0.7779003374105027,
    "support": 159998
  },
  "weighted avg": {
    "precision": 0.8237178636596785,
    "recall": 0.7860848260603257,
    "f1-score": 0.7787285392312897,
    "support": 159998
  },
  "confusion_matrix": [
    [
      78243,
      3310
    ],
    [
      30916,
      47529
    ]
  ],
  "roc_auc_score": 0.8706032144962587
}