{
  "0": {
    "precision": 0.7241209531329834,
    "recall": 0.9557956175738477,
    "f1-score": 0.8239833402044419,
    "support": 81553
  },
  "1": {
    "precision": 0.9311405268083969,
    "recall": 0.6214290267066097,
    "f1-score": 0.7453936604535237,
    "support": 78445
  },
  "accuracy": 0.7918598982487282,
  "macro avg": {
    "precision": 0.8276307399706901,
    "recall": 0.7886123221402287,
    "f1-score": 0.7846885003289827,
    "support": 159998
  },
  "weighted avg": {
    "precision": 0.8256200372275835,
    "recall": 0.7918598982487282,
    "f1-score": 0.7854518121349611,
    "support": 159998
  },
  "confusion_matrix": [
    [
      77948,
      3605
    ],
    [
      29697,
      48748
    ]
  ],
  "roc_auc_score": 0.8706032144962587,
  "best_threshold": 0.010101010101010102
}