{
  "0": {
    "precision": 0.951101023374348,
    "recall": 0.3029976277765797,
    "f1-score": 0.4595832291085412,
    "support": 236487
  },
  "1": {
    "precision": 0.10873679315677348,
    "recall": 0.8451710515255947,
    "f1-score": 0.1926835811743063,
    "support": 23794
  },
  "accuracy": 0.3525612703193856,
  "macro avg": {
    "precision": 0.5299189082655608,
    "recall": 0.5740843396510872,
    "f1-score": 0.32613340514142375,
    "support": 260281
  },
  "weighted avg": {
    "precision": 0.8740949626407678,
    "recall": 0.3525612703193856,
    "f1-score": 0.4351841749211546,
    "support": 260281
  },
  "confusion_matrix": [
    [
      71655,
      164832
    ],
    [
      3684,
      20110
    ]
  ],
  "roc_auc_score": 0.7391823904609317
}