{
  "0": {
    "precision": 0.9569880787172499,
    "recall": 0.48405620604938115,
    "f1-score": 0.642917117142416,
    "support": 236487
  },
  "1": {
    "precision": 0.13257928524203239,
    "recall": 0.7837690173993443,
    "f1-score": 0.22679484606918526,
    "support": 23794
  },
  "accuracy": 0.5114549275590612,
  "macro avg": {
    "precision": 0.5447836819796411,
    "recall": 0.6339126117243628,
    "f1-score": 0.43485598160580063,
    "support": 260281
  },
  "weighted avg": {
    "precision": 0.8816234426817755,
    "recall": 0.5114549275590612,
    "f1-score": 0.6048766404348712,
    "support": 260281
  },
  "confusion_matrix": [
    [
      114473,
      122014
    ],
    [
      5145,
      18649
    ]
  ],
  "roc_auc_score": 0.7391823904609317,
  "best_threshold": 0.98989898989899
}