{
  "0": {
    "precision": 0.9103924880301223,
    "recall": 0.9732478590004804,
    "f1-score": 0.9407714601380238,
    "support": 60369
  },
  "1": {
    "precision": 0.9654501112442239,
    "recall": 0.8864118478944061,
    "f1-score": 0.9242442860653725,
    "support": 50912
  },
  "accuracy": 0.9335196484575085,
  "macro avg": {
    "precision": 0.9379212996371731,
    "recall": 0.9298298534474432,
    "f1-score": 0.9325078731016981,
    "support": 111281
  },
  "weighted avg": {
    "precision": 0.9355818169638696,
    "recall": 0.9335196484575085,
    "f1-score": 0.9332101380220577,
    "support": 111281
  },
  "confusion_matrix": [
    [
      58754,
      1615
    ],
    [
      5783,
      45129
    ]
  ],
  "roc_auc_score": 0.9754404583779689,
  "best_threshold": 0.6060606060606061
}