{
  "0": {
    "precision": 0.9210808561046279,
    "recall": 0.9531216352763836,
    "f1-score": 0.9368273661244892,
    "support": 60369
  },
  "1": {
    "precision": 0.9420224534950422,
    "recall": 0.9031662476429918,
    "f1-score": 0.9221852312382174,
    "support": 50912
  },
  "accuracy": 0.9302666223344507,
  "macro avg": {
    "precision": 0.931551654799835,
    "recall": 0.9281439414596877,
    "f1-score": 0.9295062986813534,
    "support": 111281
  },
  "weighted avg": {
    "precision": 0.9306618142766498,
    "recall": 0.9302666223344507,
    "f1-score": 0.9301284654017256,
    "support": 111281
  },
  "confusion_matrix": [
    [
      57539,
      2830
    ],
    [
      4930,
      45982
    ]
  ],
  "roc_auc_score": 0.9754404583779689
}