{
  "0": {
    "precision": 0.9811617806731813,
    "recall": 0.9945794238230196,
    "f1-score": 0.9878250413347363,
    "support": 36343
  },
  "1": {
    "precision": 0.9376582278481013,
    "recall": 0.8102269619907028,
    "f1-score": 0.8692973448731114,
    "support": 3657
  },
  "accuracy": 0.977725,
  "macro avg": {
    "precision": 0.9594100042606413,
    "recall": 0.9024031929068612,
    "f1-score": 0.9285611931039238,
    "support": 40000
  },
  "weighted avg": {
    "precision": 0.9771844683561484,
    "recall": 0.977725,
    "f1-score": 0.9769886466857323,
    "support": 40000
  },
  "confusion_matrix": [
    [
      36146,
      197
    ],
    [
      694,
      2963
    ]
  ],
  "tp": 2963,
  "tn": 36146,
  "fp": 197,
  "fn": 694,
  "fpr": 0.005420576176980436,
  "roc_auc_score": 0.9562394200409582,
  "best_decision_threshold": 0.5050505050505051,
  "average_loss": 0.032989920331938816
}