{
  "0": {
    "precision": 0.9804692798046928,
    "recall": 0.994551908207908,
    "f1-score": 0.987460386842968,
    "support": 36343
  },
  "1": {
    "precision": 0.9368421052631579,
    "recall": 0.8031173092698933,
    "f1-score": 0.8648409893992932,
    "support": 3657
  },
  "accuracy": 0.97705,
  "macro avg": {
    "precision": 0.9586556925339254,
    "recall": 0.8988346087389006,
    "f1-score": 0.9261506881211305,
    "support": 40000
  },
  "weighted avg": {
    "precision": 0.976480665372233,
    "recall": 0.97705,
    "f1-score": 0.97624990843168,
    "support": 40000
  },
  "confusion_matrix": [
    [
      36145,
      198
    ],
    [
      720,
      2937
    ]
  ],
  "tp": 2937,
  "tn": 36145,
  "fp": 198,
  "fn": 720,
  "fpr": 0.005448091792092012,
  "roc_auc_score": 0.9556458780513807,
  "best_decision_threshold": 0.5252525252525253,
  "average_loss": 0.03266210274134105
}