{
  "0": {
    "precision": 0.9751922999476461,
    "recall": 0.9858568769324374,
    "f1-score": 0.9804955903905268,
    "support": 442123
  },
  "1": {
    "precision": 0.9501319871442129,
    "recall": 0.9148557123769447,
    "f1-score": 0.9321602240852525,
    "support": 130226
  },
  "accuracy": 0.969702052419066,
  "macro avg": {
    "precision": 0.9626621435459295,
    "recall": 0.9503562946546911,
    "f1-score": 0.9563279072378896,
    "support": 572349
  },
  "weighted avg": {
    "precision": 0.9694903518440591,
    "recall": 0.969702052419066,
    "f1-score": 0.9694978924606437,
    "support": 572349
  },
  "confusion_matrix": [
    [
      435870,
      6253
    ],
    [
      11088,
      119138
    ]
  ],
  "tp": 119138,
  "tn": 435870,
  "fp": 6253,
  "fn": 11088,
  "fpr": 0.014143123067562647,
  "roc_auc_score": 0.9845345681444893,
  "best_decision_threshold": 0.5353535353535354,
  "average_loss": 0.02960372634984058
}