{
  "0": {
    "precision": 0.9754433130579919,
    "recall": 0.9847802534588791,
    "f1-score": 0.98008954639282,
    "support": 442123
  },
  "1": {
    "precision": 0.9465926948902329,
    "recall": 0.9158309400580529,
    "f1-score": 0.9309577706658341,
    "support": 130226
  },
  "accuracy": 0.9690922846025763,
  "macro avg": {
    "precision": 0.9610180039741124,
    "recall": 0.9503055967584659,
    "f1-score": 0.955523658529327,
    "support": 572349
  },
  "weighted avg": {
    "precision": 0.968878960536166,
    "recall": 0.9690922846025763,
    "f1-score": 0.968910642217531,
    "support": 572349
  },
  "confusion_matrix": [
    [
      435394,
      6729
    ],
    [
      10961,
      119265
    ]
  ],
  "tp": 119265,
  "tn": 435394,
  "fp": 6729,
  "fn": 10961,
  "fpr": 0.01521974654112091,
  "roc_auc_score": 0.9879405674276619,
  "best_decision_threshold": 0.5353535353535354,
  "average_loss": 0.01342863381958904
}