{
  "0": {
    "precision": 0.9812182327199587,
    "recall": 0.9933137055278871,
    "f1-score": 0.987228922252304,
    "support": 36343
  },
  "1": {
    "precision": 0.9242754752259271,
    "recall": 0.8110473065354116,
    "f1-score": 0.863967375473347,
    "support": 3657
  },
  "accuracy": 0.97665,
  "macro avg": {
    "precision": 0.9527468539729429,
    "recall": 0.9021805060316493,
    "f1-score": 0.9255981488628255,
    "support": 40000
  },
  "weighted avg": {
    "precision": 0.9760122411160668,
    "recall": 0.97665,
    "f1-score": 0.9759597353380379,
    "support": 40000
  },
  "confusion_matrix": [
    [
      36100,
      243
    ],
    [
      691,
      2966
    ]
  ],
  "tp": 2966,
  "tn": 36100,
  "fp": 243,
  "fn": 691,
  "fpr": 0.006686294472112924,
  "roc_auc_score": 0.9554866268204143,
  "best_decision_threshold": 0.5555555555555556,
  "average_loss": 0.032460083147308555
}