{
  "0": {
    "precision": 0.8124148372445117,
    "recall": 0.921167829509644,
    "f1-score": 0.8633801279141263,
    "support": 81553
  },
  "1": {
    "precision": 0.9047950479800971,
    "recall": 0.7788769201351265,
    "f1-score": 0.8371274139738171,
    "support": 78445
  },
  "accuracy": 0.851404392554907,
  "macro avg": {
    "precision": 0.8586049426123044,
    "recall": 0.8500223748223853,
    "f1-score": 0.8502537709439717,
    "support": 159998
  },
  "weighted avg": {
    "precision": 0.8577076885998598,
    "recall": 0.851404392554907,
    "f1-score": 0.8505087536154001,
    "support": 159998
  },
  "confusion_matrix": [
    [
      75124,
      6429
    ],
    [
      17346,
      61099
    ]
  ],
  "roc_auc_score": 0.9150886327260525
}