{
  "0": {
    "precision": 0.8335332828606371,
    "recall": 0.8775029735264184,
    "f1-score": 0.8549531683073687,
    "support": 81553
  },
  "1": {
    "precision": 0.865260375220857,
    "recall": 0.8178086557460641,
    "f1-score": 0.8408655988675386,
    "support": 78445
  },
  "accuracy": 0.8482356029450369,
  "macro avg": {
    "precision": 0.849396829040747,
    "recall": 0.8476558146362412,
    "f1-score": 0.8479093835874536,
    "support": 159998
  },
  "weighted avg": {
    "precision": 0.849088675804283,
    "recall": 0.8482356029450369,
    "f1-score": 0.8480462108159784,
    "support": 159998
  },
  "confusion_matrix": [
    [
      71563,
      9990
    ],
    [
      14292,
      64153
    ]
  ],
  "roc_auc_score": 0.9150886327260525,
  "best_threshold": 0.4040404040404041
}