{
  "0": {
    "precision": 0.9819395260147099,
    "recall": 0.9918553779269735,
    "f1-score": 0.9868725445909133,
    "support": 36343
  },
  "1": {
    "precision": 0.9100303951367781,
    "recall": 0.8187038556193601,
    "f1-score": 0.8619548006333668,
    "support": 3657
  },
  "accuracy": 0.976025,
  "macro avg": {
    "precision": 0.945984960575744,
    "recall": 0.9052796167731668,
    "f1-score": 0.9244136726121401,
    "support": 40000
  },
  "weighted avg": {
    "precision": 0.975365233724195,
    "recall": 0.976025,
    "f1-score": 0.9754519398495946,
    "support": 40000
  },
  "confusion_matrix": [
    [
      36047,
      296
    ],
    [
      663,
      2994
    ]
  ],
  "tp": 2994,
  "tn": 36047,
  "fp": 296,
  "fn": 663,
  "fpr": 0.008144622073026443,
  "roc_auc_score": 0.9542230002236688,
  "best_decision_threshold": 0.5151515151515152,
  "average_loss": 0.03183182259015858
}