{
  "0": {
    "precision": 0.9879449505043303,
    "recall": 0.9994581267441546,
    "f1-score": 0.9936681902741651,
    "support": 295272
  },
  "1": {
    "precision": 0.9557277255118982,
    "recall": 0.4895818568391212,
    "f1-score": 0.6474833630143406,
    "support": 7055
  },
  "accuracy": 0.9875598276038858,
  "macro avg": {
    "precision": 0.9718363380081143,
    "recall": 0.7445199917916379,
    "f1-score": 0.8205757766442529,
    "support": 302327
  },
  "weighted avg": {
    "precision": 0.987193140304376,
    "recall": 0.9875598276038858,
    "f1-score": 0.9855897389406154,
    "support": 302327
  },
  "confusion_matrix": [
    [
      295112,
      160
    ],
    [
      3601,
      3454
    ]
  ],
  "tp": 3454,
  "tn": 295112,
  "fp": 160,
  "fn": 3601,
  "fpr": 0.0005418732558454578,
  "roc_auc_score": 0.9375546928115328,
  "n_per_s_total": 978.5869685481839,
  "n_per_s_batched": 1213.9014048342137,
  "params_count": 32344802,
  "best_decision_threshold": 0.21212121212121213
}