{
  "0": {
    "precision": 0.9901670027368117,
    "recall": 0.9961662467148934,
    "f1-score": 0.9931575650858555,
    "support": 295272
  },
  "1": {
    "precision": 0.7850360805165211,
    "recall": 0.5859673990077959,
    "f1-score": 0.6710494278061846,
    "support": 7055
  },
  "accuracy": 0.9865939859820658,
  "macro avg": {
    "precision": 0.8876015416266664,
    "recall": 0.7910668228613447,
    "f1-score": 0.8321034964460201,
    "support": 302327
  },
  "weighted avg": {
    "precision": 0.9853801373352294,
    "recall": 0.9865939859820658,
    "f1-score": 0.9856409591971718,
    "support": 302327
  },
  "confusion_matrix": [
    [
      294140,
      1132
    ],
    [
      2921,
      4134
    ]
  ],
  "tp": 4134,
  "tn": 294140,
  "fp": 1132,
  "fn": 2921,
  "fpr": 0.0038337532851066137,
  "roc_auc_score": 0.9375546928115328
}