{
  "0": {
    "precision": 0.9839062130876447,
    "recall": 0.9764238721115946,
    "f1-score": 0.9801507630079059,
    "support": 68247
  },
  "1": {
    "precision": 0.9709884467265725,
    "recall": 0.8819962686567164,
    "f1-score": 0.9243553708908714,
    "support": 4288
  },
  "2": {
    "precision": 0.88292589763178,
    "recall": 0.9373479318734793,
    "f1-score": 0.9093233674272225,
    "support": 14796
  },
  "accuracy": 0.9651670082788472,
  "macro avg": {
    "precision": 0.9459401858153323,
    "recall": 0.9319226908805968,
    "f1-score": 0.9379431671086667,
    "support": 87331
  },
  "weighted avg": {
    "precision": 0.9661634169483442,
    "recall": 0.9651670082788472,
    "f1-score": 0.9654112914982514,
    "support": 87331
  },
  "confusion_matrix": [
    [
      66638,
      46,
      1563
    ],
    [
      230,
      3782,
      276
    ],
    [
      860,
      67,
      13869
    ]
  ],
  "best_decision_threshold": null,
  "average_loss": 0.09999198617282737
}