{
  "0": {
    "precision": 0.9732201684562922,
    "recall": 0.9889216349296462,
    "f1-score": 0.9810080784941085,
    "support": 442123
  },
  "1": {
    "precision": 0.9602089477062059,
    "recall": 0.9076144548707631,
    "f1-score": 0.9331712188979113,
    "support": 130226
  },
  "accuracy": 0.9704218929359534,
  "macro avg": {
    "precision": 0.9667145580812491,
    "recall": 0.9482680449002047,
    "f1-score": 0.9570896486960099,
    "support": 572349
  },
  "weighted avg": {
    "precision": 0.9702597383106978,
    "recall": 0.9704218929359534,
    "f1-score": 0.970123805301049,
    "support": 572349
  },
  "confusion_matrix": [
    [
      437225,
      4898
    ],
    [
      12031,
      118195
    ]
  ],
  "tp": 118195,
  "tn": 437225,
  "fp": 4898,
  "fn": 12031,
  "fpr": 0.011078365070353724,
  "roc_auc_score": 0.9845345681444893
}