{
  "0": {
    "precision": 0.9504474621842832,
    "recall": 0.914798699294253,
    "f1-score": 0.9322824194577077,
    "support": 236487
  },
  "1": {
    "precision": 0.38314352192015677,
    "recall": 0.5259729343531983,
    "f1-score": 0.44333841085408626,
    "support": 23794
  },
  "accuracy": 0.8792535759429232,
  "macro avg": {
    "precision": 0.66679549205222,
    "recall": 0.7203858168237256,
    "f1-score": 0.687810415155897,
    "support": 260281
  },
  "weighted avg": {
    "precision": 0.8985864736578651,
    "recall": 0.8792535759429232,
    "f1-score": 0.887584828236241,
    "support": 260281
  },
  "confusion_matrix": [
    [
      216338,
      20149
    ],
    [
      11279,
      12515
    ]
  ],
  "roc_auc_score": 0.8175281348910318,
  "best_threshold": 0.7373737373737375
}