{
  "0": {
    "precision": 0.9717812568425662,
    "recall": 0.7506755128188864,
    "f1-score": 0.8470370997716901,
    "support": 236487
  },
  "1": {
    "precision": 0.24019020373448796,
    "recall": 0.7833487433806842,
    "f1-score": 0.367651264855269,
    "support": 23794
  },
  "accuracy": 0.7536623879576304,
  "macro avg": {
    "precision": 0.6059857302885271,
    "recall": 0.7670121280997853,
    "f1-score": 0.6073441823134795,
    "support": 260281
  },
  "weighted avg": {
    "precision": 0.904901701601678,
    "recall": 0.7536623879576304,
    "f1-score": 0.8032132841416544,
    "support": 260281
  },
  "confusion_matrix": [
    [
      177525,
      58962
    ],
    [
      5155,
      18639
    ]
  ],
  "roc_auc_score": 0.8175281348910318
}