{
  "0": {
    "precision": 0.889445385578552,
    "recall": 0.530836520286606,
    "f1-score": 0.6648681385233717,
    "support": 68247
  },
  "1": {
    "precision": 0.09040016587186399,
    "recall": 0.8134328358208955,
    "f1-score": 0.1627169247994029,
    "support": 4288
  },
  "2": {
    "precision": 0.33682634730538924,
    "recall": 0.18248175182481752,
    "f1-score": 0.23671751709626512,
    "support": 14796
  },
  "accuracy": 0.4856923658265679,
  "macro avg": {
    "precision": 0.43889063291860175,
    "recall": 0.5089170359774396,
    "f1-score": 0.3547675268063466,
    "support": 87331
  },
  "weighted avg": {
    "precision": 0.7565846924410408,
    "recall": 0.4856923658265679,
    "f1-score": 0.567673087521049,
    "support": 87331
  },
  "confusion_matrix": [
    [
      36228,
      26887,
      5132
    ],
    [
      616,
      3488,
      184
    ],
    [
      3887,
      8209,
      2700
    ]
  ],
  "best_threshold": null
}