{
  "0": {
    "precision": 0.9902679916092944,
    "recall": 0.9976462380449213,
    "f1-score": 0.9939434224555626,
    "support": 295272
  },
  "1": {
    "precision": 0.8568486096807415,
    "recall": 0.589652728561304,
    "f1-score": 0.6985726280436607,
    "support": 7055
  },
  "accuracy": 0.9881254403344722,
  "macro avg": {
    "precision": 0.9235583006450179,
    "recall": 0.7936494833031127,
    "f1-score": 0.8462580252496117,
    "support": 302327
  },
  "weighted avg": {
    "precision": 0.987154562310866,
    "recall": 0.9881254403344722,
    "f1-score": 0.9870507501021969,
    "support": 302327
  },
  "confusion_matrix": [
    [
      294577,
      695
    ],
    [
      2895,
      4160
    ]
  ],
  "tp": 4160,
  "tn": 294577,
  "fp": 695,
  "fn": 2895,
  "fpr": 0.002353761955078707,
  "roc_auc_score": 0.9550463262270168
}