{
  "0": {
    "precision": 0.9903003691575274,
    "recall": 0.9975514102251484,
    "f1-score": 0.9939126649637426,
    "support": 295272
  },
  "1": {
    "precision": 0.8522378908645003,
    "recall": 0.5910701630049611,
    "f1-score": 0.6980247740207567,
    "support": 7055
  },
  "accuracy": 0.9880659021523053,
  "macro avg": {
    "precision": 0.9212691300110138,
    "recall": 0.7943107866150547,
    "f1-score": 0.8459687194922496,
    "support": 302327
  },
  "weighted avg": {
    "precision": 0.9870785901422318,
    "recall": 0.9880659021523053,
    "f1-score": 0.9870079258216786,
    "support": 302327
  },
  "confusion_matrix": [
    [
      294549,
      723
    ],
    [
      2885,
      4170
    ]
  ],
  "tp": 4170,
  "tn": 294549,
  "fp": 723,
  "fn": 2885,
  "fpr": 0.002448589774851662,
  "roc_auc_score": 0.9550463262270168,
  "best_decision_threshold": 0.5050505050505051,
  "average_loss": 0.013308156958860435
}