{
  "0": {
    "precision": 0.8758701906593325,
    "recall": 0.9732809885868575,
    "f1-score": 0.9220098546903933,
    "support": 60369
  },
  "1": {
    "precision": 0.9635051359790036,
    "recall": 0.8364432746700189,
    "f1-score": 0.8954894332877721,
    "support": 50912
  },
  "accuracy": 0.910676575516036,
  "macro avg": {
    "precision": 0.919687663319168,
    "recall": 0.9048621316284382,
    "f1-score": 0.9087496439890828,
    "support": 111281
  },
  "weighted avg": {
    "precision": 0.9159639203716382,
    "recall": 0.910676575516036,
    "f1-score": 0.9098765372826575,
    "support": 111281
  },
  "confusion_matrix": [
    [
      58756,
      1613
    ],
    [
      8327,
      42585
    ]
  ],
  "roc_auc_score": 0.9398830997049374,
  "best_threshold": 0.5050505050505051
}