{
  "0": {
    "precision": 0.8763657531792943,
    "recall": 0.9725687024797496,
    "f1-score": 0.9219644329289837,
    "support": 60369
  },
  "1": {
    "precision": 0.9626058484814272,
    "recall": 0.8373075109993715,
    "f1-score": 0.895595449436432,
    "support": 50912
  },
  "accuracy": 0.9106855617760444,
  "macro avg": {
    "precision": 0.9194858008303608,
    "recall": 0.9049381067395605,
    "f1-score": 0.9087799411827078,
    "support": 111281
  },
  "weighted avg": {
    "precision": 0.9158213271948242,
    "recall": 0.9106855617760444,
    "f1-score": 0.9099003996477156,
    "support": 111281
  },
  "confusion_matrix": [
    [
      58713,
      1656
    ],
    [
      8283,
      42629
    ]
  ],
  "roc_auc_score": 0.9398830997049374
}