{
  "0": {
    "precision": 0.9366836036286861,
    "recall": 0.9900800706289161,
    "f1-score": 0.9626419480790438,
    "support": 81553
  },
  "1": {
    "precision": 0.9890373461976258,
    "recall": 0.9304225890751482,
    "f1-score": 0.9588350050249275,
    "support": 78445
  },
  "accuracy": 0.9608307603845048,
  "macro avg": {
    "precision": 0.962860474913156,
    "recall": 0.9602513298520321,
    "f1-score": 0.9607384765519856,
    "support": 159998
  },
  "weighted avg": {
    "precision": 0.9623519828323042,
    "recall": 0.9608307603845048,
    "f1-score": 0.9607754519485912,
    "support": 159998
  },
  "confusion_matrix": [
    [
      80744,
      809
    ],
    [
      5458,
      72987
    ]
  ],
  "tp": 72987,
  "tn": 80744,
  "fp": 809,
  "fn": 5458,
  "fpr": 0.009919929371083835,
  "roc_auc_score": 0.9943736888636032,
  "n_per_s_total": 893.4439481182826,
  "n_per_s_batched": 1208.8650815812375,
  "params_count": 20819234,
  "best_decision_threshold": 0.19191919191919193
}