{
  "0": {
    "precision": 0.9596970320270057,
    "recall": 0.9725945090922468,
    "f1-score": 0.9661027271287804,
    "support": 81553
  },
  "1": {
    "precision": 0.9711049916611721,
    "recall": 0.9575371279240232,
    "f1-score": 0.9642733353017445,
    "support": 78445
  },
  "accuracy": 0.9652120651508144,
  "macro avg": {
    "precision": 0.965401011844089,
    "recall": 0.965065818508135,
    "f1-score": 0.9651880312152625,
    "support": 159998
  },
  "weighted avg": {
    "precision": 0.9652902106511273,
    "recall": 0.9652120651508144,
    "f1-score": 0.9652057994054848,
    "support": 159998
  },
  "confusion_matrix": [
    [
      79318,
      2235
    ],
    [
      3331,
      75114
    ]
  ],
  "tp": 75114,
  "tn": 79318,
  "fp": 2235,
  "fn": 3331,
  "fpr": 0.02740549090775324,
  "roc_auc_score": 0.9943736888636032
}