{
  "0": {
    "precision": 0.9747389211870428,
    "recall": 0.9867389844002687,
    "f1-score": 0.9807022453913671,
    "support": 442123
  },
  "1": {
    "precision": 0.9530144330557848,
    "recall": 0.9131816995070109,
    "f1-score": 0.9326729644836065,
    "support": 130226
  },
  "accuracy": 0.9700025683630092,
  "macro avg": {
    "precision": 0.9638766771214138,
    "recall": 0.9499603419536398,
    "f1-score": 0.9566876049374868,
    "support": 572349
  },
  "weighted avg": {
    "precision": 0.9697959699608133,
    "recall": 0.9700025683630092,
    "f1-score": 0.9697741907682368,
    "support": 572349
  },
  "confusion_matrix": [
    [
      436260,
      5863
    ],
    [
      11306,
      118920
    ]
  ],
  "tp": 118920,
  "tn": 436260,
  "fp": 5863,
  "fn": 11306,
  "fpr": 0.013261015599731297,
  "roc_auc_score": 0.987210804890736,
  "best_decision_threshold": 0.5252525252525253,
  "average_loss": 0.015434186005499319
}