{
  "0": {
    "precision": 0.9785359798678545,
    "recall": 0.9771194893728669,
    "f1-score": 0.9778272216349821,
    "support": 442123
  },
  "1": {
    "precision": 0.9226995552702765,
    "recall": 0.9272341928647121,
    "f1-score": 0.9249613163176198,
    "support": 130226
  },
  "accuracy": 0.9657691373619942,
  "macro avg": {
    "precision": 0.9506177675690655,
    "recall": 0.9521768411187894,
    "f1-score": 0.951394268976301,
    "support": 572349
  },
  "weighted avg": {
    "precision": 0.9658315735883917,
    "recall": 0.9657691373619942,
    "f1-score": 0.9657986946595548,
    "support": 572349
  },
  "confusion_matrix": [
    [
      432007,
      10116
    ],
    [
      9476,
      120750
    ]
  ],
  "tp": 120750,
  "tn": 432007,
  "fp": 10116,
  "fn": 9476,
  "fpr": 0.022880510627133175,
  "roc_auc_score": 0.9879453096888083,
  "best_decision_threshold": 0.5757575757575758,
  "average_loss": 0.012973461543144972
}