{
  "0": {
    "precision": 0.9800362976406534,
    "recall": 0.9534903682267973,
    "f1-score": 0.9665811046818773,
    "support": 81553
  },
  "1": {
    "precision": 0.9529719542738115,
    "recall": 0.9798075084454076,
    "f1-score": 0.9662034330825461,
    "support": 78445
  },
  "accuracy": 0.966393329916624,
  "macro avg": {
    "precision": 0.9665041259572325,
    "recall": 0.9666489383361025,
    "f1-score": 0.9663922688822117,
    "support": 159998
  },
  "weighted avg": {
    "precision": 0.9667669916780043,
    "recall": 0.966393329916624,
    "f1-score": 0.9663959370634724,
    "support": 159998
  },
  "confusion_matrix": [
    [
      77760,
      3793
    ],
    [
      1584,
      76861
    ]
  ],
  "tp": 76861,
  "tn": 77760,
  "fp": 3793,
  "fn": 1584,
  "fpr": 0.046509631773202706,
  "roc_auc_score": 0.9958572061184208,
  "best_decision_threshold": 0.5858585858585859,
  "average_loss": 0.02100811562910676
}