{
  "0": {
    "precision": 0.9686735848367986,
    "recall": 0.9763466702635096,
    "f1-score": 0.9724949924275734,
    "support": 81553
  },
  "1": {
    "precision": 0.9752053368295223,
    "recall": 0.967174453438715,
    "f1-score": 0.9711732930544533,
    "support": 78445
  },
  "accuracy": 0.9718496481206015,
  "macro avg": {
    "precision": 0.9719394608331604,
    "recall": 0.9717605618511123,
    "f1-score": 0.9718341427410133,
    "support": 159998
  },
  "weighted avg": {
    "precision": 0.9718760203989255,
    "recall": 0.9718496481206015,
    "f1-score": 0.9718469799066393,
    "support": 159998
  },
  "confusion_matrix": [
    [
      79624,
      1929
    ],
    [
      2575,
      75870
    ]
  ],
  "tp": 75870,
  "tn": 79624,
  "fp": 1929,
  "fn": 2575,
  "fpr": 0.02365332973649038,
  "roc_auc_score": 0.9958572061184208
}