{
    "0": {
        "precision": 0.9817501287413493,
        "recall": 0.9915640183181317,
        "f1-score": 0.9866326698054858,
        "support": 236487
    },
    "1": {
        "precision": 0.9069062062529165,
        "recall": 0.8168025552660334,
        "f1-score": 0.8594993808597206,
        "support": 23794
    },
    "accuracy": 0.9755879223,
    "macro avg": {
        "precision": 0.9443281674971329,
        "recall": 0.9041832867920825,
        "f1-score": 0.9230660253326032,
        "support": 260281
    },
    "weighted avg": {
        "precision": 0.9749081529855709,
        "recall": 0.975587922283993,
        "f1-score": 0.9750105787685851,
        "support": 260281
    },
    "confusion_matrix": [
        [
            234492,
            1995
        ],
        [
            4359,
            19435
        ]
    ],
    "tp": 19435,
    "tn": 234492,
    "fp": 1995,
    "fn": 4359,
    "fpr": 0.0084359817,
    "roc_auc_score": 0.9564776305,
    "best_decision_threshold": 0.4949494949,
    "average_loss": 0.0313993802
}