{
  "0": {
    "precision": 0.9774508697342513,
    "recall": 0.98870973880171,
    "f1-score": 0.9830480683122484,
    "support": 236487
  },
  "1": {
    "precision": 0.8732795443758898,
    "recall": 0.7733041943347062,
    "f1-score": 0.8202567760342369,
    "support": 23794
  },
  "accuracy": 0.9690180996692037,
  "macro avg": {
    "precision": 0.9253652070550706,
    "recall": 0.8810069665682081,
    "f1-score": 0.9016524221732427,
    "support": 260281
  },
  "weighted avg": {
    "precision": 0.9679278829792562,
    "recall": 0.9690180996692037,
    "f1-score": 0.9681662444047676,
    "support": 260281
  },
  "confusion_matrix": [
    [
      233817,
      2670
    ],
    [
      5394,
      18400
    ]
  ],
  "tp": 18400,
  "tn": 233817,
  "fp": 2670,
  "fn": 5394,
  "fpr": 0.011290261198289969,
  "roc_auc_score": 0.9537577415721977
}