{
  "0": {
    "precision": 0.9635179366058768,
    "recall": 0.997073834925387,
    "f1-score": 0.9800087279981713,
    "support": 236487
  },
  "1": {
    "precision": 0.9555212752281784,
    "recall": 0.6247793561402034,
    "f1-score": 0.755539743850376,
    "support": 23794
  },
  "accuracy": 0.9630399452898982,
  "macro avg": {
    "precision": 0.9595196059170277,
    "recall": 0.8109265955327952,
    "f1-score": 0.8677742359242737,
    "support": 260281
  },
  "weighted avg": {
    "precision": 0.9627869091362536,
    "recall": 0.9630399452898982,
    "f1-score": 0.9594885401672784,
    "support": 260281
  },
  "confusion_matrix": [
    [
      235795,
      692
    ],
    [
      8928,
      14866
    ]
  ],
  "tp": 14866,
  "tn": 235795,
  "fp": 692,
  "fn": 8928,
  "fpr": 0.002926165074612981,
  "roc_auc_score": 0.9537577415721977,
  "n_per_s_total": 793.9053064439797,
  "n_per_s_batched": 1589.849972361869,
  "params_count": 59678468,
  "best_decision_threshold": 0.33333333333333337
}