{
  "0": {
    "precision": 0.9362496274836459,
    "recall": 0.8669080776164099,
    "f1-score": 0.9002455663587007,
    "support": 442123
  },
  "1": {
    "precision": 0.6389357615772131,
    "recall": 0.7995945510113188,
    "f1-score": 0.7102937615323486,
    "support": 130226
  },
  "accuracy": 0.8515922977064693,
  "macro avg": {
    "precision": 0.7875926945304295,
    "recall": 0.8332513143138643,
    "f1-score": 0.8052696639455246,
    "support": 572349
  },
  "weighted avg": {
    "precision": 0.8686020986130947,
    "recall": 0.8515922977064693,
    "f1-score": 0.8570260207050583,
    "support": 572349
  },
  "confusion_matrix": [
    [
      383280,
      58843
    ],
    [
      26098,
      104128
    ]
  ],
  "roc_auc_score": 0.8991318929327325
}