{
  "0": {
    "precision": 0.9174993290303278,
    "recall": 0.9433212024708056,
    "f1-score": 0.9302311057679976,
    "support": 442123
  },
  "1": {
    "precision": 0.7872443391660936,
    "recall": 0.7120237126226714,
    "f1-score": 0.7477470575664593,
    "support": 130226
  },
  "accuracy": 0.8906943141335094,
  "macro avg": {
    "precision": 0.8523718340982107,
    "recall": 0.8276724575467385,
    "f1-score": 0.8389890816672285,
    "support": 572349
  },
  "weighted avg": {
    "precision": 0.8878625404449371,
    "recall": 0.8906943141335094,
    "f1-score": 0.8887106913685778,
    "support": 572349
  },
  "confusion_matrix": [
    [
      417064,
      25059
    ],
    [
      37502,
      92724
    ]
  ],
  "roc_auc_score": 0.8991318929327325,
  "best_threshold": 0.6363636363636365
}