{
    "0": {
        "precision": 0.9782217931860926,
        "recall": 0.9941265270395413,
        "f1-score": 0.986110033366959,
        "support": 236487
    },
    "1": {
        "precision": 0.9303724497468545,
        "recall": 0.7800285786332689,
        "f1-score": 0.8485929177239788,
        "support": 23794
    },
    "accuracy": 0.9745544239,
    "macro avg": {
        "precision": 0.9542971214664735,
        "recall": 0.8870775528364051,
        "f1-score": 0.9173514755454689,
        "support": 260281
    },
    "weighted avg": {
        "precision": 0.9738475696438701,
        "recall": 0.9745544238726607,
        "f1-score": 0.9735386883605657,
        "support": 260281
    },
    "confusion_matrix": [
        [
            235098,
            1389
        ],
        [
            5234,
            18560
        ]
    ],
    "tp": 18560,
    "tn": 235098,
    "fp": 1389,
    "fn": 5234,
    "fpr": 0.005873473,
    "roc_auc_score": 0.9563627976,
    "best_decision_threshold": 0.404040404,
    "average_loss": 0.0336605796
}