{
  "0": {
    "precision": 0.9745171888773139,
    "recall": 0.9838996763754045,
    "f1-score": 0.9791859575667297,
    "support": 12360
  },
  "1": {
    "precision": 0.9434819653507526,
    "recall": 0.9126373626373626,
    "f1-score": 0.9278033794162827,
    "support": 3640
  },
  "accuracy": 0.9676875,
  "macro avg": {
    "precision": 0.9589995771140332,
    "recall": 0.9482685195063836,
    "f1-score": 0.9534946684915062,
    "support": 16000
  },
  "weighted avg": {
    "precision": 0.9674566755250212,
    "recall": 0.9676875,
    "f1-score": 0.967496421037503,
    "support": 16000
  },
  "confusion_matrix": [
    [
      12161,
      199
    ],
    [
      318,
      3322
    ]
  ],
  "tp": 3322,
  "tn": 12161,
  "fp": 199,
  "fn": 318,
  "fpr": 0.01610032362459547,
  "roc_auc_score": 0.9846814431523169,
  "best_decision_threshold": 0.595959595959596,
  "average_loss": 0.029465291135013102
}