{
  "0": {
    "precision": 0.8902760358535939,
    "recall": 0.9487449879219648,
    "f1-score": 0.9185810449834385,
    "support": 81553
  },
  "1": {
    "precision": 0.9428094514906484,
    "recall": 0.8784371215501307,
    "f1-score": 0.909485659983898,
    "support": 78445
  },
  "accuracy": 0.9142739284241053,
  "macro avg": {
    "precision": 0.9165427436721212,
    "recall": 0.9135910547360477,
    "f1-score": 0.9140333524836682,
    "support": 159998
  },
  "weighted avg": {
    "precision": 0.9160325064947815,
    "recall": 0.9142739284241053,
    "f1-score": 0.9141216925147267,
    "support": 159998
  },
  "confusion_matrix": [
    [
      77373,
      4180
    ],
    [
      9536,
      68909
    ]
  ],
  "roc_auc_score": 0.9700368307634508
}