{
  "0": {
    "precision": 0.9048347393829315,
    "recall": 0.9285004843476021,
    "f1-score": 0.9165148663451123,
    "support": 81553
  },
  "1": {
    "precision": 0.923589998951672,
    "recall": 0.8984766396838549,
    "f1-score": 0.9108602518787517,
    "support": 78445
  },
  "accuracy": 0.9137801722521531,
  "macro avg": {
    "precision": 0.9142123691673018,
    "recall": 0.9134885620157285,
    "f1-score": 0.913687559111932,
    "support": 159998
  },
  "weighted avg": {
    "precision": 0.9140302064317062,
    "recall": 0.9137801722521531,
    "f1-score": 0.9137424802414507,
    "support": 159998
  },
  "confusion_matrix": [
    [
      75722,
      5831
    ],
    [
      7964,
      70481
    ]
  ],
  "roc_auc_score": 0.9700368307634508,
  "best_threshold": 0.4040404040404041
}