{
  "0": {
    "precision": 0.9455209435054179,
    "recall": 0.6942576230457016,
    "f1-score": 0.8006387400936142,
    "support": 68247
  },
  "1": {
    "precision": 0.6193172070681078,
    "recall": 0.8418843283582089,
    "f1-score": 0.7136502915884156,
    "support": 4288
  },
  "2": {
    "precision": 0.3638622535121532,
    "recall": 0.7719653960529873,
    "f1-score": 0.49459804706952176,
    "support": 14796
  },
  "accuracy": 0.7146717660395506,
  "macro avg": {
    "precision": 0.6429001346952262,
    "recall": 0.7693691158189658,
    "f1-score": 0.6696290262505172,
    "support": 87331
  },
  "weighted avg": {
    "precision": 0.8309570017323529,
    "recall": 0.7146717660395506,
    "f1-score": 0.7445168067460657,
    "support": 87331
  },
  "confusion_matrix": [
    [
      47381,
      1245,
      19621
    ],
    [
      330,
      3610,
      348
    ],
    [
      2400,
      974,
      11422
    ]
  ],
  "best_threshold": null
}