{
  "0": {
    "precision": 0.9803212231447115,
    "recall": 0.9893318702755426,
    "f1-score": 0.9848059360345751,
    "support": 295272
  },
  "1": {
    "precision": 0.27436074637180374,
    "recall": 0.16881644223954642,
    "f1-score": 0.20902070902070904,
    "support": 7055
  },
  "accuracy": 0.9701846014414856,
  "macro avg": {
    "precision": 0.6273409847582576,
    "recall": 0.5790741562575445,
    "f1-score": 0.5969133225276421,
    "support": 302327
  },
  "weighted avg": {
    "precision": 0.9638471696740227,
    "recall": 0.9701846014414856,
    "f1-score": 0.9667024759513447,
    "support": 302327
  },
  "confusion_matrix": [
    [
      292122,
      3150
    ],
    [
      5864,
      1191
    ]
  ],
  "roc_auc_score": 0.6980860593043219,
  "best_threshold": 0.797979797979798
}