{
  "0": {
    "precision": 0.9851527241807836,
    "recall": 0.7651589043322767,
    "f1-score": 0.8613304816748539,
    "support": 295272
  },
  "1": {
    "precision": 0.050005480052608506,
    "recall": 0.517363571934798,
    "f1-score": 0.09119642210201506,
    "support": 7055
  },
  "accuracy": 0.7593764367721044,
  "macro avg": {
    "precision": 0.517579102116696,
    "recall": 0.6412612381335374,
    "f1-score": 0.4762634518884345,
    "support": 302327
  },
  "weighted avg": {
    "precision": 0.963330446291861,
    "recall": 0.7593764367721044,
    "f1-score": 0.8433588953121196,
    "support": 302327
  },
  "confusion_matrix": [
    [
      225930,
      69342
    ],
    [
      3405,
      3650
    ]
  ],
  "roc_auc_score": 0.6980860593043219
}