{
  "0": {
    "precision": 0.9740041633147284,
    "recall": 0.993225843281026,
    "f1-score": 0.9835210963882917,
    "support": 236487
  },
  "1": {
    "precision": 0.9162440529094996,
    "recall": 0.7365302177019417,
    "f1-score": 0.8166165746371241,
    "support": 23794
  },
  "accuracy": 0.9697596059643232,
  "macro avg": {
    "precision": 0.945124108112114,
    "recall": 0.8648780304914838,
    "f1-score": 0.9000688355127079,
    "support": 260281
  },
  "weighted avg": {
    "precision": 0.9687239313078512,
    "recall": 0.9697596059643232,
    "f1-score": 0.9682632550915882,
    "support": 260281
  },
  "confusion_matrix": [
    [
      234885,
      1602
    ],
    [
      6269,
      17525
    ]
  ],
  "tp": 17525,
  "tn": 234885,
  "fp": 1602,
  "fn": 6269,
  "fpr": 0.006774156718973982,
  "roc_auc_score": 0.9548463698522991,
  "best_decision_threshold": 0.43434343434343436,
  "average_loss": 0.031513032891477145
}