{
  "0": {
    "precision": 0.9963644175631683,
    "recall": 0.9987410757176697,
    "f1-score": 0.997551331050115,
    "support": 60369
  },
  "1": {
    "precision": 0.9985029940119761,
    "recall": 0.9956788183532369,
    "f1-score": 0.9970889063729346,
    "support": 50912
  },
  "accuracy": 0.9973400670374997,
  "macro avg": {
    "precision": 0.9974337057875722,
    "recall": 0.9972099470354533,
    "f1-score": 0.9973201187115248,
    "support": 111281
  },
  "weighted avg": {
    "precision": 0.9973428344012782,
    "recall": 0.9973400670374997,
    "f1-score": 0.9973397678437759,
    "support": 111281
  },
  "confusion_matrix": [
    [
      60293,
      76
    ],
    [
      220,
      50692
    ]
  ],
  "tp": 50692,
  "tn": 60293,
  "fp": 76,
  "fn": 220,
  "fpr": 0.0012589242823303351,
  "roc_auc_score": 0.9998052470380178,
  "n_per_s_total": 894.411441936918,
  "n_per_s_batched": 1206.9432134476751,
  "params_count": 15595970,
  "best_decision_threshold": 0.494949494949495
}