{
  "0": {
    "precision": 0.9963808831306187,
    "recall": 0.9987410757176697,
    "f1-score": 0.9975595833919308,
    "support": 60369
  },
  "1": {
    "precision": 0.9985030234985917,
    "recall": 0.995698460087995,
    "f1-score": 0.9970987696816515,
    "support": 50912
  },
  "accuracy": 0.9973490532975081,
  "macro avg": {
    "precision": 0.9974419533146052,
    "recall": 0.9972197679028323,
    "f1-score": 0.9973291765367911,
    "support": 111281
  },
  "weighted avg": {
    "precision": 0.9973517803225405,
    "recall": 0.9973490532975081,
    "f1-score": 0.9973487572165933,
    "support": 111281
  },
  "confusion_matrix": [
    [
      60293,
      76
    ],
    [
      219,
      50693
    ]
  ],
  "tp": 50693,
  "tn": 60293,
  "fp": 76,
  "fn": 219,
  "fpr": 0.0012589242823303351,
  "roc_auc_score": 0.9998052470380178
}