{
  "0": {
    "precision": 0.9836702954898912,
    "recall": 0.9895892797489926,
    "f1-score": 0.9866209103345932,
    "support": 236487
  },
  "1": {
    "precision": 0.88994680613294,
    "recall": 0.8367235437505254,
    "f1-score": 0.8625148922343767,
    "support": 23794
  },
  "accuracy": 0.9756148162946969,
  "macro avg": {
    "precision": 0.9368085508114156,
    "recall": 0.913156411749759,
    "f1-score": 0.924567901284485,
    "support": 260281
  },
  "weighted avg": {
    "precision": 0.9751024142163472,
    "recall": 0.9756148162946969,
    "f1-score": 0.9752755620583973,
    "support": 260281
  },
  "confusion_matrix": [
    [
      234025,
      2462
    ],
    [
      3885,
      19909
    ]
  ],
  "tp": 19909,
  "tn": 234025,
  "fp": 2462,
  "fn": 3885,
  "fpr": 0.010410720251007454,
  "roc_auc_score": 0.9588704972685665,
  "best_decision_threshold": 0.5555555555555556,
  "average_loss": 0.016948935441372145
}